{"cameraMode":{"drawMode":0,"name":"Shaded","section":"Shading Mode"},"sceneLighting":true,"audioPlay":false,"sceneViewState":{"m_AlwaysRefresh":false,"showFog":true,"showSkybox":true,"showFlares":true,"showImageEffects":true,"showParticleSystems":true,"showVisualEffectGraphs":true,"m_FxEnabled":true},"in2DMode":false,"pivot":{"x":545.6721801757813,"y":247.32376098632813,"z":7.883731842041016},"rotation":{"x":0.08807113766670227,"y":0.011053962633013726,"z":0.0009777661180123687,"w":-0.996055543422699},"size":440.5820007324219,"orthographic":false}